{
    "accuracy": 0.6746987951807228,
    "precision": 0.7992957746478874,
    "recall": 0.44729064039408867,
    "auc": 0.7318259131889581
}
